Grant Title,Funding Organization,Country or Region,Grant Type,Research Field,Research Themes,Keywords,Eligibility,Career Stage,Institution Requirement,Country Restrictions,Funding Amount,Currency,Application Deadline,Application Frequency,Project Duration,Short Description,Application Link,Notes,Last Updated,
National Institutes of Health,,United States,Research Grant,Public Health,"Epidemiology, Disease Prevention","public health, epidemiology, health systems",University Researchers,Faculty,Research Institution Required,US Institutions Preferred,250000,USD,Multiple Cycles Yearly,Annual,3-5 Years,Major NIH funding mechanism supporting health research projects,Research Project (R01) | Grants & Funding,info entry,2026,
NIH R21 Exploratory Research Grant,National Institutes of Health,United States,Early Research Grant,Public Health,"Innovation, Pilot Studies","innovation, exploratory research",University Researchers,Early Career or Faculty,Research Institution Required,US Institutions Preferred,275000,USD,Multiple Cycles Yearly,Annual,2 Years,Supports exploratory and early-stage public health research,https://grants.nih.gov/grants/funding/r21.htm,info entry,2026,
CDC Public Health Research Grants,Centers for Disease Control and Prevention,United States,Research Grant,Public Health,"Disease Prevention, Epidemiology","disease prevention, epidemiology",Universities and Nonprofits,Any,Organization Required,US Based,Varies,USD,Varies,Varies,1-3 Years,Funds programs improving population health and disease prevention,https://www.cdc.gov/grants,info entry,2026,
Wellcome Trust Discovery Awards,Wellcome Trust,Global,Research Grant,Public Health,Global Health,"global health, biomedical research",Researchers Worldwide,Any,Research Institution Required,None,1000000,GBP,Multiple Rounds,Annual,3-8 Years,Supports innovative biomedical and health research worldwide,https://wellcome.org/grant-funding,info entry,2026,
Gates Foundation Global Health Grants,Bill and Melinda Gates Foundation,Global,Research Grant,Global Health,"Infectious Disease, Vaccines","global health, vaccines, health equity",Researchers and Organizations,Any,Institution Preferred,None,Varies,USD,Varies,Varies,Varies,Funds projects addressing major global health challenges,https://www.gatesfoundation.org,info entry,2026,
Horizon Europe Cluster 1 Health,European Commission,European Union,Large Research Grant,Public Health,"Health Systems, Digital Health","health systems, digital health",Research Consortia,Faculty,University or Research Institute,EU Collaboration Required,1000000,EUR,Varies,Annual,3-5 Years,Major EU program funding collaborative health research,https://ec.europa.eu/info/funding-tenders/opportunities,info entry,2026,
Robert Wood Johnson Foundation Health Grants,Robert Wood Johnson Foundation,United States,Research Grant,Public Health Policy,Health Equity,"community health, policy",Researchers and Organizations,Any,Organization Required,US Focus,Varies,USD,Varies,Varies,Varies,Funds research improving community health systems,https://www.rwjf.org/en/grants.html,info entry,2026,
NIH Global Health Research Initiative,National Institutes of Health,Global Collaboration,Research Grant,Global Health,Infectious Disease,"global health, disease prevention",Universities and Research Institutions,Faculty,Research Institution Required,International Collaboration Possible,Varies,USD,Varies,Varies,Varies,Supports international research collaborations in global health,https://www.nih.gov,info entry,2026,
NIH K01 Mentored Research Scientist Development Award,National Institutes of Health,United States,Career Development Grant,Public Health,"Epidemiology, Health Policy","public health, career development",Researchers,Early Career,Research Institution Required,US Institutions Preferred,150000,USD,Multiple Cycles Yearly,Annual,3-5 Years,Supports early career scientists in health research,https://grants.nih.gov/grants/funding/k01.htm,info entry,2026,
NIH K99/R00 Pathway to Independence Award,National Institutes of Health,United States,Career Development Grant,Public Health,Biomedical Research,"career development, health research",Postdoctoral Researchers,Early Career,Research Institution Required,US Institutions Preferred,249000,USD,Multiple Cycles Yearly,Annual,5 Years,Helps postdoctoral researchers transition to independent faculty roles,https://grants.nih.gov/grants/funding/k99.htm,info entry,2026,
PCORI Research Funding Awards,Patient-Centered Outcomes Research Institute,United States,Research Grant,Public Health,Health Systems Research,"health outcomes, patient care",Researchers,Any,Institution Required,US Focus,Varies,USD,Varies,Varies,3-5 Years,Funds research improving healthcare decision making,https://www.pcori.org/funding-opportunities,info entry,2026,
RWJF Evidence for Action Grants,Robert Wood Johnson Foundation,United States,Research Grant,Public Health Policy,Community Health,"health equity, social determinants",Researchers,Any,Institution Required,US Focus,250000,USD,Varies,Varies,2-4 Years,Supports research addressing social determinants of health,https://www.rwjf.org/en/how-we-work/grants-explorer.html,info entry,2026,
WHO Public Health Research Grants,World Health Organization,Global,Research Grant,Global Health,Disease Prevention,"global health, epidemiology",Researchers Worldwide,Any,Institution Preferred,None,Varies,USD,Varies,Varies,Varies,Funds research addressing global health priorities,https://www.who.int/about/funding,info entry,2026,
USAID Global Health Research Programs,United States Agency for International Development,Global,Research Grant,Global Health,Infectious Disease,"global health, development",Universities and NGOs,Any,Institution Required,International Projects,Varies,USD,Varies,Varies,Varies,Supports global health and development research,https://www.usaid.gov/work-usaid/funding,info entry,2026,
NIH R03 Small Research Grant,National Institutes of Health,United States,Small Research Grant,Public Health,Pilot Studies,"public health, pilot research",Researchers,Any,Research Institution Required,US Institutions Preferred,50000,USD,Multiple Cycles Yearly,Annual,2 Years,Supports small research projects and pilot studies,https://grants.nih.gov/grants/funding/r03.htm,info entry,2026,
HRSA Public Health Workforce Grants,Health Resources and Services Administration,United States,Workforce Development Grant,Public Health,Health Workforce,"public health workforce, training",Universities and Organizations,Any,Institution Required,US Based,Varies,USD,Varies,Varies,Varies,Funds programs strengthening the public health workforce,https://www.hrsa.gov/grants,info entry,2026,
NIH R15 Academic Research Enhancement Award,National Institutes of Health,United States,Research Grant,Public Health,Health Research Capacity,"public health, research capacity",Researchers,Faculty,Research Institution Required,US Institutions Preferred,300000,USD,Multiple Cycles Yearly,Annual,3 Years,Supports research at primarily undergraduate institutions,https://grants.nih.gov/grants/funding/r15.htm,,info entry,2026
NIH R34 Clinical Trial Planning Grant,National Institutes of Health,United States,Research Planning Grant,Public Health,Clinical Trials,"clinical trials, health research",Researchers,Faculty,Research Institution Required,US Institutions Preferred,450000,USD,Multiple Cycles Yearly,Annual,3 Years,Supports planning activities for clinical trials and public health interventions,https://grants.nih.gov/grants/funding/r34.htm,,info entry,2026
NIH SBIR Small Business Innovation Research Grant,National Institutes of Health,United States,Innovation Grant,Public Health,Health Technology,"health innovation, biotech",Small Businesses,Early Stage,Small Business Required,US Based,1000000,USD,Multiple Cycles Yearly,Annual,Varies,Funds development of innovative health technologies,https://seed.nih.gov/small-business-funding/small-business-innovation-research-sbir,,info entry,2026
NIH STTR Small Business Technology Transfer Grant,National Institutes of Health,United States,Innovation Grant,Public Health,Technology Transfer,"technology transfer, health tech",Small Businesses,Early Stage,Research Institution Collaboration,US Based,1000000,USD,Multiple Cycles Yearly,Annual,Varies,Supports collaboration between small businesses and research institutions,https://seed.nih.gov/small-business-funding/small-business-technology-transfer-sttr,,info entry,2026
Fogarty International Global Health Research Grants,National Institutes of Health,Global,Research Grant,Global Health,Infectious Disease,"global health, epidemiology",Researchers,Any,Research Institution Required,International Collaboration,Varies,USD,Varies,Varies,Varies,Supports global health research partnerships and training,https://www.fic.nih.gov/Funding,,info entry,2026
NIH BRAIN Initiative Research Grants,National Institutes of Health,United States,Research Grant,Neuroscience,Mental Health,"brain research, neuroscience",Researchers,Faculty,Research Institution Required,US Institutions Preferred,Varies,USD,Multiple Cycles Yearly,Annual,Varies,Funds neuroscience and mental health research projects,https://braininitiative.nih.gov/funding,,info entry,2026
NIH HEAL Initiative Research Grants,National Institutes of Health,United States,Research Grant,Public Health,Opioid Research,"pain management, opioid crisis",Researchers,Faculty,Research Institution Required,US Institutions Preferred,Varies,USD,Multiple Cycles Yearly,Annual,Varies,Supports research addressing the opioid crisis and addiction,https://heal.nih.gov/funding,,info entry,2026
PCORI Engagement Awards,Patient-Centered Outcomes Research Institute,United States,Research Grant,Public Health,Health Outcomes,"patient engagement, healthcare research",Researchers and Organizations,Any,Institution Required,US Focus,250000,USD,Varies,Varies,Varies,Supports patient-centered research engagement initiatives,https://www.pcori.org/funding-opportunities,,info entry,2026
Robert Wood Johnson Foundation Health Policy Research Grants,Robert Wood Johnson Foundation,United States,Research Grant,Public Health Policy,Health Equity,"health equity, policy research",Researchers,Any,Institution Required,US Focus,350000,USD,Varies,Varies,3 Years,Funds research on health equity and public health policy,https://www.rwjf.org/en/grants.html,,info entry,2026
Wellcome Trust International Training Fellowships,Wellcome Trust,Global,Fellowship,Global Health,Health Research,"global health, research training",Researchers,Early Career,Research Institution Required,International,300000,GBP,Annual,Annual,3 Years,Supports early-career researchers working on global health challenges,https://wellcome.org/grant-funding,,info entry,2026
NIH R56 High Priority Short-Term Project Award,National Institutes of Health,United States,Research Grant,Public Health,BioMedical Research,"public health, biomedical research",Researchers,Faculty,Research Institution Required,US Institutions Preferred,Varies,USD,Multiple Cycles Yearly,Annual,1-2 Years,Provides short-term funding for high priority health research,https://grants.nih.gov/grants/funding/r56.htm,,info entry,2026
NIH U01 Cooperative Research Project Grant,National Institutes of Health,United States,Research Grant,Public Health,Health Systems,"public health, cooperative research",Researchers,Faculty,Research Institution Required,US Institutions Preferred,Varies,USD,Multiple Cycles Yearly,Annual,3-5 Years,Supports large collaborative health research projects,https://grants.nih.gov/grants/funding/u01.htm,,info entry,2026
NIH P30 Center Core Grant,National Institutes of Health,United States,Center Grant,Public Health,Research Infrastructure,health research centers,Research Institutions,Faculty,Research Institution Required,US Institutions Preferred,Varies,USD,Varies,Varies,Varies,Supports shared research infrastructure for health centers,https://grants.nih.gov/grants/funding/p30.htm,,info entry,2026
NIH P01 Research Program Project Grant,National Institutes of Health,United States,Program Grant,Public Health,Multidisciplinary Research,public health collaboration,Researchers,Faculty,Research Institution Required,US Institutions Preferred,Varies,USD,Multiple Cycles Yearly,Annual,3-5 Years,Supports integrated multi-project research programs,https://grants.nih.gov/grants/funding/p01.htm,,info entry,2026
NIH T32 Institutional Training Grant,National Institutes of Health,United States,Training Grant,Public Health,Research Training,public health training,Students and Researchers,Early Career,University Required,US Institutions Preferred,Varies,USD,Varies,Varies,Varies,Supports training programs for future health researchers,https://grants.nih.gov/grants/funding/t32.htm,,info entry,2026
NIH F31 Predoctoral Fellowship,National Institutes of Health,United States,Fellowship,Public Health,Doctoral Research,public health phd research,Students,Predoctoral,University Required,US Institutions Preferred,Varies,USD,Multiple Cycles Yearly,Annual,Varies,Supports doctoral students conducting health research,https://grants.nih.gov/grants/funding/f31.htm,,info entry,2026
NIH F32 Postdoctoral Fellowship,National Institutes of Health,United States,Fellowship,Public Health,Postdoctoral Research,public health postdoc,Researchers,Postdoctoral,University Required,US Institutions Preferred,Varies,USD,Multiple Cycles Yearly,Annual,Varies,Supports postdoctoral training in health research,https://grants.nih.gov/grants/funding/f32.htm,,info entry,2026
CDC Injury Control Research Centers Grant,Centers for Disease Control and Prevention,United States,Research Grant,Public Health,Injury Prevention,"injury prevention, public health",Universities,Faculty,Research Institution Required,US Based,Varies,USD,Varies,Varies,Varies,Supports research on injury prevention and public safety,https://www.cdc.gov/injury/erpo/icrc/index.html,,info entry,2026
HRSA Rural Health Research Grants,Health Resources and Services Administration,United States,Research Grant,Public Health,Rural Health,rural healthcare systems,Universities and Organizations,Researchers,Institution Required,US Based,Varies,USD,Varies,Varies,Varies,Funds research addressing rural health challenges,https://www.hrsa.gov/grants,,info entry,2026
Wellcome Trust Collaborative Awards,Wellcome Trust,Global,Research Grant,Global Health,Collaborative Research,global health collaboration,Researchers,Any,Research Institution Required,International,Varies,GBP,Varies,Varies,Varies,Supports international collaborative health research projects,https://wellcome.org/grant-funding,,info entry,2026
NIH R13 Conference Grant,National Institutes of Health,United States,Conference Grant,Public Health,Scientific Meetings,public health conferences,Researchers,Faculty,Research Institution Required,US Institutions Preferred,Varies,USD,Multiple Cycles Yearly,Annual,1 Year,Supports scientific conferences and meetings related to health research,https://grants.nih.gov/grants/funding/r13.htm,,info entry,2026
NIH U54 Specialized Center Cooperative Agreement,National Institutes of Health,United States,Center Grant,Public Health,Health Research Centers,public health research centers,Research Institutions,Faculty,Research Institution Required,US Institutions Preferred,Varies,USD,Varies,Varies,Varies,Supports multidisciplinary health research centers,https://grants.nih.gov/grants/funding/u54.htm,,info entry,2026
NIH U24 Resource Related Research Projects,National Institutes of Health,United States,Research Resource Grant,Public Health,Data Infrastructure,health research resources,Researchers,Faculty,Research Institution Required,US Institutions Preferred,Varies,USD,Varies,Varies,Varies,Supports development of research resources for health studies,https://grants.nih.gov/grants/funding/u24.htm,,info entry,2026
NIH R24 Resource-Related Research Projects,National Institutes of Health,United States,Research Grant,Public Health,Data Resources,public health data systems,Researchers,Faculty,Research Institution Required,US Institutions Preferred,Varies,USD,Varies,Varies,Varies,Supports creation of research resources for biomedical research,https://grants.nih.gov/grants/funding/r24.htm,,info entry,2026
NIH R18 Research Demonstration Grant,National Institutes of Health,United States,Demonstration Grant,Public Health,Health Interventions,public health intervention research,Researchers,Faculty,Research Institution Required,US Institutions Preferred,Varies,USD,Multiple Cycles Yearly,Annual,Varies,Supports testing and demonstration of health interventions,https://grants.nih.gov/grants/funding/r18.htm,,info entry,2026
NIH DP2 New Innovator Award,National Institutes of Health,United States,Innovation Grant,Public Health,Biomedical Innovation,health innovation research,Researchers,Early Career,Research Institution Required,US Institutions Preferred,1500000,USD,Annual,Annual,5 Years,Supports highly innovative early career investigators,https://grants.nih.gov/grants/new_investigators/DP2_New_Innovator_Award/,,info entry,2026
NIH DP1 Pioneer Award,National Institutes of Health,United States,Innovation Grant,Public Health,High Risk Research,innovative health research,Researchers,Faculty,Research Institution Required,US Institutions Preferred,3500000,USD,Annual,Annual,5 Years,Supports highly innovative biomedical research projects,https://commonfund.nih.gov/pioneer,,info entry,2026
CDC Public Health Emergency Preparedness Grants,Centers for Disease Control and Prevention,United States,Program Grant,Public Health,Emergency Preparedness,public health preparedness,Health Departments,Any,Government Agencies,US Based,Varies,USD,Varies,Varies,Varies,Supports preparedness for public health emergencies,https://www.cdc.gov/grants,,info entry,2026
HRSA Community Health Grants,Health Resources and Services Administration,United States,Program Grant,Public Health,Community Health,community health improvement,Organizations,Any,Institution Required,US Based,Varies,USD,Varies,Varies,Varies,Funds programs improving community health outcomes,https://www.hrsa.gov/grants,,info entry,2026
Wellcome Trust Early Career Awards,Wellcome Trust,Global,Fellowship,Global Health,Health Research,global health research,Researchers,Early Career,Research Institution Required,International,400000,GBP,Varies,Varies,Varies,Supports early career researchers working in health science,https://wellcome.org/grant-funding,,info entry,2026
NIH R35 Outstanding Investigator Award,National Institutes of Health,United States,Research Grant,Public Health,Biomedical Research,"biomedical research, investigator support",Researchers,Faculty,Research Institution Required,US Institutions Preferred,Varies,USD,Multiple Cycles Yearly,Annual,7 Years,Supports experienced investigators with outstanding records of research,https://grants.nih.gov/grants/funding/r35.htm,,info entry,2026
NIH U19 Multi-Project Cooperative Agreement,National Institutes of Health,United States,Program Grant,Public Health,Translational Research,translational health research,Researchers,Faculty,Research Institution Required,US Institutions Preferred,Varies,USD,Varies,Varies,5 Years,Supports large multi-project health research programs,https://grants.nih.gov/grants/funding/u19.htm,,info entry,2026
NIH R41 Small Business Technology Transfer Phase I,National Institutes of Health,United States,Innovation Grant,Public Health,Health Technology,health tech innovation,Small Businesses,Early Stage,Small Business Required,US Based,300000,USD,Multiple Cycles Yearly,Annual,1-2 Years,Supports early-stage health technology development,https://seed.nih.gov/small-business-funding/small-business-technology-transfer-sttr,,info entry,2026
NIH R42 Small Business Technology Transfer Phase II,National Institutes of Health,United States,Innovation Grant,Public Health,Health Technology,health technology commercialization,Small Businesses,Early Stage,Small Business Required,US Based,2000000,USD,Multiple Cycles Yearly,Annual,2 Years,Supports commercialization of health technologies,https://seed.nih.gov/small-business-funding/small-business-technology-transfer-sttr,,info entry,2026
NIH R44 SBIR Phase II Grant,National Institutes of Health,United States,Innovation Grant,Public Health,Biotech Development,biotech innovation,Small Businesses,Early Stage,Small Business Required,US Based,2000000,USD,Multiple Cycles Yearly,Annual,2 Years,Supports small businesses developing health technologies,https://seed.nih.gov/small-business-funding/small-business-innovation-research-sbir,,info entry,2026
CDC Global Disease Detection Research Grants,Centers for Disease Control and Prevention,Global,Research Grant,Public Health,Infectious Disease,"global health, disease surveillance",Researchers,Any,Institution Required,Global Collaboration,Varies,USD,Varies,Varies,Varies,Supports global disease detection and epidemiology research,https://www.cdc.gov/grants,,info entry,2026
HRSA Maternal and Child Health Research Grants,Health Resources and Services Administration,United States,Research Grant,Public Health,Maternal Health,maternal health research,Universities and Organizations,Researchers,Institution Required,US Based,Varies,USD,Varies,Varies,Varies,Funds research improving maternal and child health outcomes,https://www.hrsa.gov/grants,,info entry,2026
Wellcome Trust Investigator Awards,Wellcome Trust,Global,Research Grant,Global Health,Biomedical Science,global health science,Researchers,Faculty,Research Institution Required,International,1000000,GBP,Varies,Varies,7 Years,Supports established researchers working on major health challenges,https://wellcome.org/grant-funding,,info entry,2026
European Research Council Starting Grant,European Commission,European Union,Research Grant,Global Health,Frontier Research,innovative research,Researchers,Early Career,Research Institution Required,EU Host Institution,1500000,EUR,Annual,Annual,5 Years,Supports early-career researchers establishing independent research teams,ERC Starting Grant - Funding Opportunities for Early-Career Researchers,,info entry,2026
European Research Council Advanced Grant,European Commission,European Union,Research Grant,Global Health,Frontier Research,advanced research projects,Researchers,Senior Faculty,Research Institution Required,EU Host Institution,2500000,EUR,Annual,Annual,5 Years,Supports established research leaders pursuing groundbreaking research,ERC Advanced Grant - Funding for Established Research Leaders,,info entry,2026
NIH R36 Dissertation Award,National Institutes of Health,United States,Research Grant,Public Health,Doctoral Research,public health phd research,Students,Predoctoral,University Required,US Institutions Preferred,50000,USD,Multiple Cycles Yearly,Annual,2 Years,Supports doctoral dissertation research in health fields,https://grants.nih.gov/grants/funding/r36.htm,,info entry,2026
NIH R33 Exploratory Development Grant,National Institutes of Health,United States,Research Grant,Public Health,Translational Research,"health innovation, translational research",Researchers,Faculty,Research Institution Required,US Institutions Preferred,Varies,USD,Multiple Cycles Yearly,Annual,3 Years,Supports advanced development of promising health research projects,https://grants.nih.gov/grants/funding/r33.htm,,info entry,2026
NIH U34 Clinical Trial Planning Cooperative Agreement,National Institutes of Health,United States,Research Grant,Public Health,Clinical Trials,clinical research planning,Researchers,Faculty,Research Institution Required,US Institutions Preferred,Varies,USD,Varies,Varies,1-2 Years,Supports planning of large-scale clinical trials,https://grants.nih.gov/grants/funding/u34.htm,,info entry,2026
NIH R37 MERIT Award,National Institutes of Health,United States,Research Grant,Public Health,Biomedical Research,long term research funding,Researchers,Senior Faculty,Research Institution Required,US Institutions Preferred,Varies,USD,Varies,Varies,5-10 Years,Provides long-term support to outstanding investigators,https://grants.nih.gov/grants/funding/r37.htm,,info entry,2026
CDC Prevention Research Centers Program,Centers for Disease Control and Prevention,United States,Research Grant,Public Health,Disease Prevention,"prevention research, community health",Universities,Faculty,Research Institution Required,US Based,Varies,USD,Varies,Varies,5 Years,Supports research centers focused on disease prevention,https://www.cdc.gov/prc/index.htm,,info entry,2026
HRSA Health Equity Research Grants,Health Resources and Services Administration,United States,Research Grant,Public Health,Health Equity,health disparities research,Universities and Organizations,Researchers,Institution Required,US Based,Varies,USD,Varies,Varies,Varies,Supports research addressing health disparities,https://www.hrsa.gov/grants,,info entry,2026
USAID Development Innovation Ventures,United States Agency for International Development,Global,Innovation Grant,Global Health,Development Innovation,global health innovation,Organizations and Startups,Any,Organization Required,Global,1500000,USD,Varies,Varies,Varies,Funds innovative solutions to global development challenges,https://www.usaid.gov/div,,info entry,2026
Wellcome Trust Climate and Health Awards,Wellcome Trust,Global,Research Grant,Global Health,Climate and Health,climate health research,Researchers,Any,Research Institution Required,International,1000000,GBP,Varies,Varies,Varies,Supports research on the health effects of climate change,https://wellcome.org/grant-funding,,info entry,2026
Gates Foundation Grand Challenges Grants,Bill and Melinda Gates Foundation,Global,Research Grant,Global Health,Infectious Disease,global health innovation,Researchers and Organizations,Any,Institution Preferred,Global,100000,USD,Varies,Varies,Varies,Supports innovative global health research ideas,https://gcgh.grandchallenges.org,,info entry,2026
European Commission Horizon Europe Health Grants,European Commission,European Union,Research Grant,Global Health,Health Systems,global health policy,Research Consortia,Faculty,Research Institution Required,EU Collaboration,Varies,EUR,Annual,Annual,3-5 Years,Supports collaborative health research across Europe,https://ec.europa.eu/info/funding-tenders/opportunities,,info entry,2026
NIH R43 SBIR Phase I Grant,National Institutes of Health,United States,Innovation Grant,Public Health,Health Technology,health tech innovation,Small Businesses,Early Stage,Small Business Required,US Based,300000,USD,Multiple Cycles Yearly,Annual,1-2 Years,Supports early-stage health technology development,https://seed.nih.gov/small-business-funding/small-business-innovation-research-sbir,,info entry,2026
NIH R44 SBIR Phase II Grant,National Institutes of Health,United States,Innovation Grant,Public Health,Health Technology,health tech commercialization,Small Businesses,Early Stage,Small Business Required,US Based,2000000,USD,Multiple Cycles Yearly,Annual,2 Years,Supports commercialization of health technologies,https://seed.nih.gov/small-business-funding/small-business-innovation-research-sbir,,info entry,2026
NIH R16 Research Enhancement Award,National Institutes of Health,United States,Research Grant,Public Health,Biomedical Research,research capacity,Researchers,Faculty,Research Institution Required,US Institutions Preferred,300000,USD,Multiple Cycles Yearly,Annual,3 Years,Supports research development at minority-serving institutions,https://grants.nih.gov/grants/funding/r16.htm,,info entry,2026
NIH R25 Education Project Grant,National Institutes of Health,United States,Training Grant,Public Health,Health Education,public health training,Universities,Any,Institution Required,US Institutions Preferred,Varies,USD,Varies,Varies,Varies,Supports education programs in health research,https://grants.nih.gov/grants/funding/r25.htm,,info entry,2026
NIH U54 Specialized Center Grant,National Institutes of Health,United States,Center Grant,Public Health,Health Systems,public health infrastructure,Research Institutions,Faculty,Research Institution Required,US Institutions Preferred,Varies,USD,Varies,Varies,Varies,Supports multidisciplinary research centers,https://grants.nih.gov/grants/funding/u54.htm,,info entry,2026
CDC Epidemiology Research Grants,Centers for Disease Control and Prevention,United States,Research Grant,Public Health,Epidemiology,disease surveillance,Researchers,Any,Institution Required,US Based,Varies,USD,Varies,Varies,Varies,Supports epidemiology and disease monitoring research,https://www.cdc.gov/grants,,info entry,2026
CDC Public Health Workforce Training Grants,Centers for Disease Control and Prevention,United States,Training Grant,Public Health,Workforce Development,public health workforce,Organizations,Any,Institution Required,US Based,Varies,USD,Varies,Varies,Varies,Supports workforce development for public health professionals,https://www.cdc.gov/grants,,info entry,2026
HRSA Behavioral Health Workforce Grants,Health Resources and Services Administration,United States,Training Grant,Public Health,Mental Health,behavioral health workforce,Organizations,Any,Institution Required,US Based,Varies,USD,Varies,Varies,Varies,Supports behavioral health workforce training,https://www.hrsa.gov/grants,,info entry,2026
HRSA Rural Residency Planning Grants,Health Resources and Services Administration,United States,Program Grant,Public Health,Rural Health,rural healthcare programs,Organizations,Any,Institution Required,US Based,Varies,USD,Varies,Varies,Varies,Supports rural health training and residency programs,https://www.hrsa.gov/grants,,info entry,2026
HRSA Public Health Training Centers Grant,Health Resources and Services Administration,United States,Training Grant,Public Health,Public Health Training,training programs,Universities,Any,Institution Required,US Based,Varies,USD,Varies,Varies,Varies,Supports training centers for public health workforce,https://www.hrsa.gov/grants,,info entry,2026
NIH DP3 Innovation Grant,National Institutes of Health,United States,Innovation Grant,Public Health,Biomedical Innovation,innovative health solutions,Researchers,Faculty,Research Institution Required,US Institutions Preferred,Varies,USD,Annual,Annual,Varies,Supports high-impact innovative health research,https://commonfund.nih.gov,,info entry,2026
NIH R61 Exploratory Clinical Trial Grant,National Institutes of Health,United States,Research Grant,Public Health,Clinical Trials,clinical trial research,Researchers,Faculty,Research Institution Required,US Institutions Preferred,Varies,USD,Multiple Cycles Yearly,Annual,3 Years,Supports exploratory clinical trial projects,https://grants.nih.gov/grants/funding/r61.htm,,info entry,2026
NIH R33 Advanced Clinical Trial Development Grant,National Institutes of Health,United States,Research Grant,Public Health,Clinical Trials,clinical trial development,Researchers,Faculty,Research Institution Required,US Institutions Preferred,Varies,USD,Multiple Cycles Yearly,Annual,3 Years,Supports advanced clinical trial development,https://grants.nih.gov/grants/funding/r33.htm,,info entry,2026
NIH R01ES Environmental Health Grant,National Institutes of Health,United States,Research Grant,Public Health,Environmental Health,environmental health research,Researchers,Faculty,Research Institution Required,US Institutions Preferred,250000,USD,Multiple Cycles Yearly,Annual,4 Years,Supports research on environmental health risks,https://www.niehs.nih.gov,,info entry,2026
NIH R21ES Environmental Health Exploratory Grant,National Institutes of Health,United States,Research Grant,Public Health,Environmental Health,environmental exposure research,Researchers,Any,Research Institution Required,US Institutions Preferred,275000,USD,Multiple Cycles Yearly,Annual,2 Years,Supports early-stage environmental health research,https://www.niehs.nih.gov,,info entry,2026
NIH R01AI Infectious Disease Grant,National Institutes of Health,United States,Research Grant,Global Health,Infectious Disease,infectious disease research,Researchers,Faculty,Research Institution Required,US Institutions Preferred,250000,USD,Multiple Cycles Yearly,Annual,4 Years,Supports research on infectious diseases,https://www.niaid.nih.gov,,info entry,2026
NIH R21AI Emerging Infectious Disease Grant,National Institutes of Health,United States,Research Grant,Global Health,Infectious Disease,emerging disease research,Researchers,Any,Research Institution Required,US Institutions Preferred,275000,USD,Multiple Cycles Yearly,Annual,2 Years,Supports exploratory research on emerging diseases,https://www.niaid.nih.gov,,info entry,2026
NIH R01MH Mental Health Research Grant,National Institutes of Health,United States,Research Grant,Public Health,Mental Health,mental health research,Researchers,Faculty,Research Institution Required,US Institutions Preferred,250000,USD,Multiple Cycles Yearly,Annual,4 Years,Supports research on mental health disorders,https://www.nimh.nih.gov,,info entry,2026
NIH R21MH Mental Health Exploratory Grant,National Institutes of Health,United States,Research Grant,Public Health,Mental Health,mental health innovation,Researchers,Any,Research Institution Required,US Institutions Preferred,275000,USD,Multiple Cycles Yearly,Annual,2 Years,Supports exploratory mental health research,https://www.nimh.nih.gov,,info entry,2026
NIH R01HD Child Health Research Grant,National Institutes of Health,United States,Research Grant,Public Health,Child Health,child health research,Researchers,Faculty,Research Institution Required,US Institutions Preferred,250000,USD,Multiple Cycles Yearly,Annual,4 Years,Supports research on child health and development,https://www.nichd.nih.gov,,info entry,2026
NIH R21HD Child Health Exploratory Grant,National Institutes of Health,United States,Research Grant,Public Health,Child Health,child development research,Researchers,Any,Research Institution Required,US Institutions Preferred,275000,USD,Multiple Cycles Yearly,Annual,2 Years,Supports exploratory research in child health,https://www.nichd.nih.gov,,info entry,2026
NIH R01AG Aging Research Grant,National Institutes of Health,United States,Research Grant,Public Health,Aging Research,aging population research,Researchers,Faculty,Research Institution Required,US Institutions Preferred,250000,USD,Multiple Cycles Yearly,Annual,4 Years,Supports research on aging and longevity,https://www.nia.nih.gov,,info entry,2026
NIH R21AG Aging Exploratory Grant,National Institutes of Health,United States,Research Grant,Public Health,Aging Research,aging innovation,Researchers,Any,Research Institution Required,US Institutions Preferred,275000,USD,Multiple Cycles Yearly,Annual,2 Years,Supports exploratory aging research projects,https://www.nia.nih.gov,,info entry,2026
NIH R01CA Cancer Research Grant,National Institutes of Health,United States,Research Grant,Public Health,Cancer Research,cancer prevention research,Researchers,Faculty,Research Institution Required,US Institutions Preferred,250000,USD,Multiple Cycles Yearly,Annual,4 Years,Supports cancer research and prevention studies,https://www.cancer.gov,,info entry,2026
NIH R21CA Cancer Exploratory Grant,National Institutes of Health,United States,Research Grant,Public Health,Cancer Research,cancer innovation research,Researchers,Any,Research Institution Required,US Institutions Preferred,275000,USD,Multiple Cycles Yearly,Annual,2 Years,Supports exploratory cancer research projects,https://www.cancer.gov,,info entry,2026
NSF Epidemiology Research Grants,National Science Foundation,United States,Research Grant,Public Health,Epidemiology,"disease modeling, epidemiology",Researchers,Any,Research Institution Required,US Institutions Preferred,500000,USD,Annual,Annual,3 Years,Supports epidemiological modeling and disease spread research,https://www.nsf.gov/funding,,info entry,2026
NSF Health Systems Research Grant,National Science Foundation,United States,Research Grant,Public Health,Health Systems,health systems research,Researchers,Faculty,Research Institution Required,US Institutions Preferred,600000,USD,Annual,Annual,3-4 Years,Supports interdisciplinary health systems research,https://www.nsf.gov/funding,,info entry,2026
NIH R15 Academic Research Enhancement Award,National Institutes of Health,United States,Research Grant,Public Health,Biomedical Research,research capacity building,Researchers,Faculty,Research Institution Required,US Institutions Preferred,300000,USD,Multiple Cycles Yearly,Annual,3 Years,Supports research at institutions with limited NIH funding,https://grants.nih.gov/grants/funding/r15.htm,,info entry,2026
NIH DP2 New Innovator Award,National Institutes of Health,United States,Innovation Grant,Public Health,Biomedical Innovation,innovative health research,Researchers,Early Career,Research Institution Required,US Institutions Preferred,1500000,USD,Annual,Annual,5 Years,Supports highly innovative early career researchers,https://commonfund.nih.gov/newinnovator,,info entry,2026
NIH Director's Pioneer Award,National Institutes of Health,United States,Innovation Grant,Public Health,Biomedical Innovation,high risk research,Researchers,Faculty,Research Institution Required,US Institutions Preferred,2500000,USD,Annual,Annual,5 Years,Supports groundbreaking biomedical research ideas,https://commonfund.nih.gov/pioneer,,info entry,2026
NIH Director's Transformative Research Award,National Institutes of Health,United States,Innovation Grant,Public Health,Transformative Science,transformative biomedical research,Researchers,Faculty,Research Institution Required,US Institutions Preferred,2500000,USD,Annual,Annual,5 Years,Supports exceptionally innovative health research,https://commonfund.nih.gov/transformative,,info entry,2026
CDC Injury Prevention Research Grants,Centers for Disease Control and Prevention,United States,Research Grant,Public Health,Injury Prevention,injury prevention research,Researchers,Any,Institution Required,US Based,Varies,USD,Varies,Varies,Varies,Supports research on injury prevention and safety,https://www.cdc.gov/grants,,info entry,2026
CDC Chronic Disease Prevention Grants,Centers for Disease Control and Prevention,United States,Research Grant,Public Health,Chronic Disease,chronic disease research,Researchers,Any,Institution Required,US Based,Varies,USD,Varies,Varies,Varies,Supports research addressing chronic diseases,https://www.cdc.gov/grants,,info entry,2026
CDC Global Health Security Research Grants,Centers for Disease Control and Prevention,Global,Research Grant,Global Health,Disease Surveillance,global disease monitoring,Researchers,Any,Institution Required,Global Collaboration,Varies,USD,Varies,Varies,Varies,Supports global health security and surveillance research,https://www.cdc.gov/globalhealth,,info entry,2026
HRSA HIV/AIDS Research Grants,Health Resources and Services Administration,United States,Research Grant,Public Health,HIV Research,hiv care research,Universities and Organizations,Any,Institution Required,US Based,Varies,USD,Varies,Varies,Varies,Supports research on HIV care and treatment programs,https://www.hrsa.gov/grants,,info entry,2026
HRSA Rural Health Research Center Grants,Health Resources and Services Administration,United States,Research Grant,Public Health,Rural Health,rural health systems,Universities,Faculty,Institution Required,US Based,Varies,USD,Varies,Varies,5 Years,Supports rural health research centers,https://www.hrsa.gov/grants,,info entry,2026
PCORI Pragmatic Clinical Studies Grant,Patient-Centered Outcomes Research Institute,United States,Research Grant,Public Health,Clinical Outcomes,patient centered outcomes,Researchers,Any,Institution Required,US Focus,Varies,USD,Varies,Varies,3-5 Years,Supports comparative clinical effectiveness research,https://www.pcori.org/funding-opportunities,,info entry,2026
PCORI Health Systems Implementation Grant,Patient-Centered Outcomes Research Institute,United States,Research Grant,Public Health,Health Systems,healthcare delivery research,Researchers,Any,Institution Required,US Focus,Varies,USD,Varies,Varies,3-5 Years,Supports implementation of evidence in healthcare systems,https://www.pcori.org/funding-opportunities,,info entry,2026
RWJF Health Policy Research Scholars Grant,Robert Wood Johnson Foundation,United States,Training Grant,Public Health Policy,Health Policy,health policy research,Doctoral Students,Early Career,University Required,US Based,300000,USD,Varies,Varies,4 Years,Supports doctoral training in health policy research,https://www.rwjf.org,,info entry,2026
RWJF Culture of Health Leaders Grant,Robert Wood Johnson Foundation,United States,Leadership Grant,Public Health,Health Leadership,health leadership development,Professionals,Any,Organization Required,US Focus,200000,USD,Varies,Varies,3 Years,Supports leaders improving health equity,https://www.rwjf.org,,info entry,2026
Wellcome Trust Early Career Awards,Wellcome Trust,Global,Career Development Grant,Global Health,Biomedical Science,biomedical research careers,Researchers,Early Career,Research Institution Required,International,400000,GBP,Varies,Varies,5 Years,Supports early career biomedical researchers,https://wellcome.org/grant-funding,,info entry,2026
Wellcome Trust Collaborative Awards,Wellcome Trust,Global,Research Grant,Global Health,Collaborative Science,international research collaboration,Researchers,Faculty,Research Institution Required,Global Collaboration,2000000,GBP,Varies,Varies,5 Years,Supports international collaborative health research,https://wellcome.org/grant-funding,,info entry,2026
Gates Foundation Vaccine Development Grants,Bill and Melinda Gates Foundation,Global,Research Grant,Global Health,Vaccine Research,vaccine innovation,Researchers and Organizations,Any,Institution Preferred,Global,Varies,USD,Varies,Varies,Varies,Supports development of vaccines for global diseases,https://www.gatesfoundation.org,,info entry,2026
Gates Foundation Health Innovation Grants,Bill and Melinda Gates Foundation,Global,Innovation Grant,Global Health,Health Innovation,global health innovation,Researchers and Startups,Any,Institution Preferred,Global,Varies,USD,Varies,Varies,Varies,Supports breakthrough innovations in global health,https://www.gatesfoundation.org,,info entry,2026
European Commission Horizon Health Cluster Grant,European Commission,European Union,Research Grant,Global Health,Health Systems,health policy research,Research Consortia,Faculty,Research Institution Required,EU Collaboration,Varies,EUR,Annual,Annual,4 Years,Supports health systems research across Europe,https://ec.europa.eu/info/funding-tenders/opportunities,,info entry,2026
European Commission EU4Health Research Grants,European Commission,European Union,Research Grant,Public Health,Health Systems,public health policy research,Research Institutions,Faculty,Research Institution Required,EU Member States,Varies,EUR,Varies,Varies,Varies,Supports EU public health initiatives,https://health.ec.europa.eu/funding,,info entry,2026
NIH Fogarty Global Health Research Training Grant,National Institutes of Health,Global,Training Grant,Global Health,Global Health Training,global health research training,Universities,Any,Institution Required,Global Partnerships,Varies,USD,Annual,Annual,5 Years,Supports global health research training programs,https://www.fic.nih.gov,,info entry,2026
NIH Fogarty Global Brain Disorders Grant,National Institutes of Health,Global,Research Grant,Global Health,Neurology,brain disorders research,Researchers,Faculty,Institution Required,Global Partnerships,Varies,USD,Varies,Varies,Varies,Supports global research on neurological disorders,https://www.fic.nih.gov,,info entry,2026
NIH Global Environmental Health Grant,National Institutes of Health,Global,Research Grant,Global Health,Environmental Health,global environmental health,Researchers,Faculty,Research Institution Required,Global Collaboration,Varies,USD,Varies,Varies,Varies,Supports research on environmental health risks globally,https://www.fic.nih.gov,,info entry,2026
WHO Tropical Disease Research Grants,World Health Organization,Global,Research Grant,Global Health,Tropical Diseases,tropical disease research,Researchers Worldwide,Any,Institution Preferred,Global,Varies,USD,Varies,Varies,Varies,Supports research addressing neglected tropical diseases,https://tdr.who.int,,info entry,2026
WHO Health Systems Strengthening Grants,World Health Organization,Global,Research Grant,Global Health,Health Systems,health systems strengthening,Researchers Worldwide,Any,Institution Preferred,Global,Varies,USD,Varies,Varies,Varies,Supports research improving national health systems,https://www.who.int/about/funding,,info entry,2026
USAID Global Development Lab Grants,United States Agency for International Development,Global,Innovation Grant,Global Health,Development Innovation,global health innovation,Universities and NGOs,Any,Institution Required,Global Projects,Varies,USD,Varies,Varies,Varies,Supports innovative global development solutions,https://www.usaid.gov/work-usaid/funding,,info entry,2026
USAID Health Systems Strengthening Grants,United States Agency for International Development,Global,Research Grant,Global Health,Health Systems,global health systems research,Universities and NGOs,Any,Institution Required,Global Projects,Varies,USD,Varies,Varies,Varies,Supports health systems strengthening research,https://www.usaid.gov/work-usaid/funding,,info entry,2026
NIH R13 Conference Grant,National Institutes of Health,United States,Conference Grant,Public Health,Scientific Meetings,scientific conference funding,Researchers and Organizations,Any,Institution Required,US Institutions Preferred,50000,USD,Multiple Cycles Yearly,Annual,Varies,Supports conferences and scientific meetings in health research,https://grants.nih.gov/grants/funding/r13.htm,,info entry,2026
NIH T32 Institutional Training Grant,National Institutes of Health,United States,Training Grant,Public Health,Research Training,biomedical research training,Universities,Predoctoral,Institution Required,US Institutions Preferred,Varies,USD,Annual,Annual,5 Years,Supports institutional research training programs,https://grants.nih.gov/grants/funding/t32.htm,,info entry,2026
NIH U54 Global Health Research Centers,National Institutes of Health,Global,Research Grant,Global Health,Health Systems,global health research centers,Research Institutions,Faculty,Research Institution Required,Global Collaboration,Varies,USD,Varies,Varies,5 Years,Supports global health research centers and collaborations,https://www.fic.nih.gov,,info entry,2026
NIH R01 Health Services Research Grant,National Institutes of Health,United States,Research Grant,Public Health,Health Services,healthcare delivery research,Researchers,Faculty,Research Institution Required,US Institutions Preferred,250000,USD,Multiple Cycles Yearly,Annual,4 Years,Supports research improving healthcare delivery,https://grants.nih.gov/grants/funding/r01.htm,,info entry,2026
NIH R21 Health Services Exploratory Grant,National Institutes of Health,United States,Research Grant,Public Health,Health Services,healthcare system innovation,Researchers,Any,Research Institution Required,US Institutions Preferred,275000,USD,Multiple Cycles Yearly,Annual,2 Years,Supports exploratory health services research,https://grants.nih.gov/grants/funding/r21.htm,,info entry,2026
NIH R03 Small Public Health Research Grant,National Institutes of Health,United States,Small Research Grant,Public Health,Public Health Research,public health pilot studies,Researchers,Any,Research Institution Required,US Institutions Preferred,50000,USD,Multiple Cycles Yearly,Annual,2 Years,Supports small pilot public health projects,https://grants.nih.gov/grants/funding/r03.htm,,info entry,2026
NIH R24 Biomedical Resource Grant,National Institutes of Health,United States,Research Resource Grant,Public Health,Biomedical Infrastructure,health data infrastructure,Researchers,Faculty,Research Institution Required,US Institutions Preferred,Varies,USD,Varies,Varies,Varies,Supports shared biomedical research resources,https://grants.nih.gov/grants/funding/r24.htm,,info entry,2026
NIH U01 Cooperative Research Grant,National Institutes of Health,United States,Research Grant,Public Health,Health Systems,cooperative health research,Researchers,Faculty,Research Institution Required,US Institutions Preferred,Varies,USD,Varies,Varies,5 Years,Supports collaborative research with NIH participation,https://grants.nih.gov/grants/funding/u01.htm,,info entry,2026
CDC Public Health Infrastructure Grants,Centers for Disease Control and Prevention,United States,Program Grant,Public Health,Public Health Infrastructure,public health capacity,Organizations,Any,Institution Required,US Based,Varies,USD,Varies,Varies,Varies,Supports strengthening of public health infrastructure,https://www.cdc.gov/grants,,info entry,2026
CDC Community Health Grants,Centers for Disease Control and Prevention,United States,Program Grant,Public Health,Community Health,community health programs,Organizations,Any,Institution Required,US Based,Varies,USD,Varies,Varies,Varies,Supports programs improving community health outcomes,https://www.cdc.gov/grants,,info entry,2026
CDC Environmental Health Research Grants,Centers for Disease Control and Prevention,United States,Research Grant,Public Health,Environmental Health,environmental exposure research,Researchers,Any,Institution Required,US Based,Varies,USD,Varies,Varies,Varies,Supports environmental health research initiatives,https://www.cdc.gov/grants,,info entry,2026
HRSA Primary Care Research Grants,Health Resources and Services Administration,United States,Research Grant,Public Health,Primary Care,primary care innovation,Universities and Organizations,Researchers,Institution Required,US Based,Varies,USD,Varies,Varies,Varies,Supports research improving primary healthcare services,https://www.hrsa.gov/grants,,info entry,2026
HRSA Telehealth Research Grants,Health Resources and Services Administration,United States,Research Grant,Public Health,Telehealth,telehealth innovation,Organizations,Any,Institution Required,US Based,Varies,USD,Varies,Varies,Varies,Supports development of telehealth healthcare solutions,https://www.hrsa.gov/grants,,info entry,2026
HRSA Healthcare Workforce Innovation Grants,Health Resources and Services Administration,United States,Training Grant,Public Health,Health Workforce,health workforce training,Universities and Organizations,Any,Institution Required,US Based,Varies,USD,Varies,Varies,Varies,Supports training and innovation in healthcare workforce development,https://www.hrsa.gov/grants,,info entry,2026
PCORI Health Equity Research Grants,Patient-Centered Outcomes Research Institute,United States,Research Grant,Public Health,Health Equity,health disparities research,Researchers,Any,Institution Required,US Focus,Varies,USD,Varies,Varies,3-5 Years,Supports patient-centered research addressing health disparities,https://www.pcori.org/funding-opportunities,,info entry,2026
PCORI Comparative Effectiveness Research Grant,Patient-Centered Outcomes Research Institute,United States,Research Grant,Public Health,Clinical Effectiveness,clinical comparison research,Researchers,Any,Institution Required,US Focus,Varies,USD,Varies,Varies,3-5 Years,Supports comparative clinical effectiveness studies,https://www.pcori.org/funding-opportunities,,info entry,2026
RWJF Community Health Research Grants,Robert Wood Johnson Foundation,United States,Research Grant,Public Health,Community Health,community health innovation,Researchers,Any,Institution Required,US Focus,250000,USD,Varies,Varies,3 Years,Supports community health improvement research,https://www.rwjf.org,,info entry,2026
RWJF Public Health Data Innovation Grants,Robert Wood Johnson Foundation,United States,Innovation Grant,Public Health,Data Science,public health data innovation,Researchers and Organizations,Any,Institution Required,US Focus,300000,USD,Varies,Varies,3 Years,Supports innovative public health data solutions,https://www.rwjf.org,,info entry,2026
Wellcome Trust Mental Health Research Grants,Wellcome Trust,Global,Research Grant,Global Health,Mental Health,mental health science,Researchers,Faculty,Research Institution Required,International,1000000,GBP,Varies,Varies,5 Years,Supports research on mental health challenges worldwide,https://wellcome.org/grant-funding,,info entry,2026
Wellcome Trust Infectious Disease Research Grants,Wellcome Trust,Global,Research Grant,Global Health,Infectious Disease,infectious disease research,Researchers,Faculty,Research Institution Required,International,1000000,GBP,Varies,Varies,5 Years,Supports research on infectious disease prevention and treatment,https://wellcome.org/grant-funding,,info entry,2026
Wellcome Trust Climate and Health Grants,Wellcome Trust,Global,Research Grant,Global Health,Climate Health,climate change health impacts,Researchers,Faculty,Research Institution Required,International,1000000,GBP,Varies,Varies,5 Years,Supports research on climate change and health outcomes,https://wellcome.org/grant-funding,,info entry,2026
Gates Foundation Global Health Discovery Grants,Bill and Melinda Gates Foundation,Global,Research Grant,Global Health,Infectious Disease,global health discovery,Researchers and Organizations,Any,Institution Preferred,Global,Varies,USD,Varies,Varies,Varies,Supports discovery research targeting global health challenges,https://www.gatesfoundation.org,,info entry,2026
Gates Foundation Maternal Health Innovation Grants,Bill and Melinda Gates Foundation,Global,Innovation Grant,Global Health,Maternal Health,maternal health innovation,Researchers and Organizations,Any,Institution Preferred,Global,Varies,USD,Varies,Varies,Varies,Supports innovation improving maternal health outcomes,https://www.gatesfoundation.org,,info entry,2026
Gates Foundation Child Health Innovation Grants,Bill and Melinda Gates Foundation,Global,Innovation Grant,Global Health,Child Health,child health innovation,Researchers and Organizations,Any,Institution Preferred,Global,Varies,USD,Varies,Varies,Varies,Supports research improving child health worldwide,https://www.gatesfoundation.org,,info entry,2026
European Commission Horizon Digital Health Grants,European Commission,European Union,Research Grant,Public Health,Digital Health,digital health innovation,Research Consortia,Faculty,Research Institution Required,EU Collaboration,Varies,EUR,Annual,Annual,4 Years,Supports digital health innovation research,https://ec.europa.eu/info/funding-tenders/opportunities,,info entry,2026
European Commission Cancer Mission Grants,European Commission,European Union,Research Grant,Public Health,Cancer Research,cancer prevention innovation,Research Consortia,Faculty,Research Institution Required,EU Collaboration,Varies,EUR,Annual,Annual,5 Years,Supports EU mission to improve cancer prevention and treatment,https://ec.europa.eu/info/funding-tenders/opportunities,,info entry,2026
European Commission Pandemic Preparedness Grants,European Commission,European Union,Research Grant,Global Health,Pandemic Research,pandemic preparedness research,Research Consortia,Faculty,Research Institution Required,EU Collaboration,Varies,EUR,Annual,Annual,4 Years,Supports research on pandemic preparedness and response,https://ec.europa.eu/info/funding-tenders/opportunities,,info entry,2026
WHO Global Vaccine Research Grants,World Health Organization,Global,Research Grant,Global Health,Vaccine Research,global vaccine research,Researchers Worldwide,Any,Institution Preferred,Global,Varies,USD,Varies,Varies,Varies,Supports vaccine research for global disease prevention,https://www.who.int/about/funding,,info entry,2026
WHO Public Health Policy Research Grants,World Health Organization,Global,Research Grant,Global Health,Health Policy,global health policy research,Researchers Worldwide,Any,Institution Preferred,Global,Varies,USD,Varies,Varies,Varies,Supports policy research improving public health systems,https://www.who.int/about/funding,,info entry,2026
WHO Global Health Data Research Grants,World Health Organization,Global,Research Grant,Global Health,Data Science,global health data research,Researchers Worldwide,Any,Institution Preferred,Global,Varies,USD,Varies,Varies,Varies,Supports research using global health datasets,https://www.who.int/about/funding,,info entry,2026
USAID Global Health Innovation Grants,United States Agency for International Development,Global,Innovation Grant,Global Health,Health Innovation,global health innovation,Universities and NGOs,Any,Institution Required,Global Projects,Varies,USD,Varies,Varies,Varies,Supports innovative solutions to global health challenges,https://www.usaid.gov/work-usaid/funding,,info entry,2026
USAID Pandemic Response Research Grants,United States Agency for International Development,Global,Research Grant,Global Health,Pandemic Research,global pandemic preparedness,Universities and NGOs,Any,Institution Required,Global Projects,Varies,USD,Varies,Varies,Varies,Supports research addressing pandemic response and preparedness,https://www.usaid.gov/work-usaid/funding,,info entry,2026
USAID Health Data Innovation Grants,United States Agency for International Development,Global,Innovation Grant,Global Health,Data Innovation,global health data systems,Universities and NGOs,Any,Institution Required,Global Projects,Varies,USD,Varies,Varies,Varies,Supports innovative health data systems in developing regions,https://www.usaid.gov/work-usaid/funding,,info entry,2026